{
  "schemaVersion": 1,
  "id": "opencloud",
  "version": "${1.0}",

  "name": "OpenCloud",
  "description": "The All In One mod that adds everything you need!",
  "authors": [
    "PatXQ"
  ],
  "contact": {
    "homepage": "https://www.curseforge.com/minecraft/mc-mods/opencloud",
    "sources": "https://github.com/PatXQ/OpenCloud-Mod"
  },

  "license": "gpl-3.0",
  "icon": "assets/opencloud/icon.png",

  "environment": "*",
  "entrypoints": {
    "main": [
      "com.patxq.opencloud.OpenCloud"
    ]
  },
  "mixins": [
  ],

  "depends": {
    "fabricloader": ">=0.11.3",
    "fabric": "*",
    "minecraft": "1.17.x",
    "java": ">=16"
  },
  "suggests": {
    "another-mod": "*"
  }
}
