{
  "minecraft:recipes/transportation/acacia_boat": {
    "criteria": {
      "in_water": "2021-10-04 18:14:39 +1100"
    },
    "done": true
  },
  "minecraft:recipes/transportation/oak_boat": {
    "criteria": {
      "in_water": "2021-10-04 18:14:39 +1100"
    },
    "done": true
  },
  "minecraft:husbandry/root": {
    "criteria": {
      "consumed_item": "2021-10-04 18:11:33 +1100"
    },
    "done": true
  },
  "minecraft:recipes/transportation/dark_oak_boat": {
    "criteria": {
      "in_water": "2021-10-04 18:14:39 +1100"
    },
    "done": true
  },
  "minecraft:recipes/transportation/birch_boat": {
    "criteria": {
      "in_water": "2021-10-04 18:14:39 +1100"
    },
    "done": true
  },
  "minecraft:recipes/transportation/jungle_boat": {
    "criteria": {
      "in_water": "2021-10-04 18:14:39 +1100"
    },
    "done": true
  },
  "minecraft:recipes/transportation/spruce_boat": {
    "criteria": {
      "in_water": "2021-10-04 18:14:39 +1100"
    },
    "done": true
  },
  "minecraft:adventure/adventuring_time": {
    "criteria": {
      "minecraft:cold_ocean": "2021-10-04 18:14:40 +1100",
      "minecraft:snowy_mountains": "2021-10-04 18:11:56 +1100",
      "minecraft:snowy_tundra": "2021-10-04 18:11:11 +1100",
      "minecraft:snowy_beach": "2021-10-04 18:14:33 +1100",
      "minecraft:river": "2021-10-04 18:14:32 +1100"
    },
    "done": false
  },
  "DataVersion": 2730
}