{
  "minecraft:recipes/misc/gold_nugget_from_smelting": {
    "criteria": {
      "has_golden_helmet": "2021-10-04 22:35:11 +1100"
    },
    "done": true
  },
  "minecraft:recipes/misc/gold_nugget_from_blasting": {
    "criteria": {
      "has_golden_helmet": "2021-10-04 22:35:11 +1100"
    },
    "done": true
  },
  "minecraft:adventure/adventuring_time": {
    "criteria": {
      "minecraft:cold_ocean": "2021-10-04 22:34:14 +1100",
      "minecraft:frozen_river": "2021-10-04 22:34:50 +1100",
      "minecraft:snowy_beach": "2021-10-04 22:34:07 +1100",
      "minecraft:river": "2021-10-04 22:34:33 +1100"
    },
    "done": false
  },
  "DataVersion": 2730
}