{
  "minecraft:recipes/misc/gold_nugget_from_smelting": {
    "criteria": {
      "has_golden_helmet": "2021-10-04 22:47:44 +1100"
    },
    "done": true
  },
  "minecraft:recipes/misc/gold_nugget_from_blasting": {
    "criteria": {
      "has_golden_helmet": "2021-10-04 22:47:44 +1100"
    },
    "done": true
  },
  "minecraft:adventure/adventuring_time": {
    "criteria": {
      "minecraft:cold_ocean": "2021-10-04 22:47:44 +1100",
      "minecraft:river": "2021-10-04 22:47:51 +1100"
    },
    "done": false
  },
  "DataVersion": 2730
}