{"stats":{"minecraft:custom":{"minecraft:jump":54,"minecraft:time_since_rest":2245,"minecraft:crouch_one_cm":12,"minecraft:leave_game":1,"minecraft:sprint_one_cm":4896,"minecraft:play_time":2245,"minecraft:time_since_death":2245,"minecraft:walk_one_cm":4196,"minecraft:sneak_time":65,"minecraft:total_world_time":2539,"minecraft:drop":10,"minecraft:fly_one_cm":16183},"minecraft:picked_up":{"opencloud:sippycup":6,"opencloud:ipod":1},"minecraft:used":{"minecraft:flint_and_steel":4},"minecraft:dropped":{"opencloud:sippycup":7,"minecraft:flint_and_steel":1,"opencloud:ipod":2}},"DataVersion":2730}