{"stats":{"minecraft:picked_up":{"opencloud:sippycup":3,"opencloud:ipod":2},"minecraft:dropped":{"opencloud:sippycup":3,"opencloud:ipod":2},"minecraft:used":{"opencloud:sippycup":9},"minecraft:custom":{"minecraft:jump":121,"minecraft:time_since_rest":3610,"minecraft:damage_dealt":125,"minecraft:crouch_one_cm":320,"minecraft:leave_game":1,"minecraft:sprint_one_cm":10492,"minecraft:play_time":3610,"minecraft:walk_on_water_one_cm":200,"minecraft:time_since_death":3610,"minecraft:walk_one_cm":4899,"minecraft:walk_under_water_one_cm":151,"minecraft:sneak_time":258,"minecraft:total_world_time":4151,"minecraft:drop":5,"minecraft:fly_one_cm":34260}},"DataVersion":2730}