{"stats":{"minecraft:used":{"minecraft:golden_helmet":1,"opencloud:ipod_player":6},"minecraft:dropped":{"minecraft:golden_helmet":1,"opencloud:ipod_player":1},"minecraft:picked_up":{"opencloud:ipod_player":1},"minecraft:custom":{"minecraft:jump":37,"minecraft:open_chest":1,"minecraft:time_since_rest":1263,"minecraft:crouch_one_cm":49,"minecraft:leave_game":1,"minecraft:sprint_one_cm":2893,"minecraft:play_time":1263,"minecraft:time_since_death":1263,"minecraft:walk_one_cm":1683,"minecraft:sneak_time":20,"minecraft:total_world_time":1697,"minecraft:drop":2,"minecraft:fly_one_cm":8393}},"DataVersion":2730}