{"stats":{"minecraft:used":{"minecraft:furnace":1},"minecraft:dropped":{"opencloud:ipod":3},"minecraft:custom":{"minecraft:jump":10,"minecraft:time_since_rest":1019,"minecraft:leave_game":1,"minecraft:crouch_one_cm":147,"minecraft:interact_with_furnace":1,"minecraft:sprint_one_cm":458,"minecraft:play_time":1019,"minecraft:time_since_death":1019,"minecraft:walk_one_cm":1672,"minecraft:sneak_time":49,"minecraft:total_world_time":1062,"minecraft:drop":3,"minecraft:fly_one_cm":2523},"minecraft:picked_up":{"opencloud:ipod":3}},"DataVersion":2730}